insert into main_category (id, name) values (1, 'graphic and design');
insert into main_category (id, name) values (2, 'writing and translations');
insert into main_category (id, name) values (3, 'video and animation');
insert into main_category (id, name) values (4, 'music and audio');
insert into main_category (id, name) values (5, 'business');
insert into main_category (id, name) values (6, 'lifestyle');
insert into main_category (id, name) values (7, 'programming and tech');
insert into main_category (id, name) values (8, 'data');
insert into main_category (id, name) values (9, 'marketing digital');

insert into sub_category (id, name) values (1, 'Andalax');
insert into sub_category (id, name) values (2, 'Zathin');
insert into sub_category (id, name) values (3, 'Otcom');
insert into sub_category (id, name) values (4, 'Bitchip');
insert into sub_category (id, name) values (5, 'Hatity');
insert into sub_category (id, name) values (6, 'Tin');
insert into sub_category (id, name) values (7, 'Redhold');
insert into sub_category (id, name) values (8, 'It');
insert into sub_category (id, name) values (9, 'Konklux');
insert into sub_category (id, name) values (10, 'Duobam');
insert into sub_category (id, name) values (11, 'Ronstring');
insert into sub_category (id, name) values (12, 'Zoolab');
insert into sub_category (id, name) values (13, 'Y-Solowarm');
insert into sub_category (id, name) values (14, 'Zathin');
insert into sub_category (id, name) values (15, 'Mat Lam Tam');
insert into sub_category (id, name) values (16, 'Gembucket');
insert into sub_category (id, name) values (17, 'Keylex');
insert into sub_category (id, name) values (18, 'Konklab');
insert into sub_category (id, name) values (19, 'Biodex');
insert into sub_category (id, name) values (20, 'Redhold');
insert into sub_category (id, name) values (21, 'Bytecard');
insert into sub_category (id, name) values (22, 'Otcom');
insert into sub_category (id, name) values (23, 'Tres-Zap');
insert into sub_category (id, name) values (24, 'Solarbreeze');
insert into sub_category (id, name) values (25, 'Zoolab');
insert into sub_category (id, name) values (26, 'Y-find');
insert into sub_category (id, name) values (27, 'Tres-Zap');
insert into sub_category (id, name) values (28, 'Gembucket');
insert into sub_category (id, name) values (29, 'Vagram');
insert into sub_category (id, name) values (30, 'Flexidy');
insert into sub_category (id, name) values (31, 'Bigtax');
insert into sub_category (id, name) values (32, 'Mat Lam Tam');
insert into sub_category (id, name) values (33, 'Tempsoft');
insert into sub_category (id, name) values (34, 'Redhold');
insert into sub_category (id, name) values (35, 'Pannier');
insert into sub_category (id, name) values (36, 'Voltsillam');
insert into sub_category (id, name) values (37, 'Asoka');
insert into sub_category (id, name) values (38, 'Domainer');
insert into sub_category (id, name) values (39, 'It');
insert into sub_category (id, name) values (40, 'Tampflex');
insert into sub_category (id, name) values (41, 'Gembucket');
insert into sub_category (id, name) values (42, 'Bitchip');
insert into sub_category (id, name) values (43, 'Tempsoft');
insert into sub_category (id, name) values (44, 'Home Ing');
insert into sub_category (id, name) values (45, 'Aerified');
insert into sub_category (id, name) values (46, 'Ronstring');
insert into sub_category (id, name) values (47, 'Alphazap');
insert into sub_category (id, name) values (48, 'Solarbreeze');
insert into sub_category (id, name) values (49, 'Overhold');
insert into sub_category (id, name) values (50, 'Sonair');
insert into sub_category (id, name) values (51, 'Flowdesk');
insert into sub_category (id, name) values (52, 'Hatity');
insert into sub_category (id, name) values (53, 'Mat Lam Tam');
insert into sub_category (id, name) values (54, 'Stronghold');
insert into sub_category (id, name) values (55, 'Span');
insert into sub_category (id, name) values (56, 'Keylex');
insert into sub_category (id, name) values (57, 'Asoka');
insert into sub_category (id, name) values (58, 'Lotstring');
insert into sub_category (id, name) values (59, 'Zaam-Dox');
insert into sub_category (id, name) values (60, 'Span');
insert into sub_category (id, name) values (61, 'Matsoft');
insert into sub_category (id, name) values (62, 'Namfix');
insert into sub_category (id, name) values (63, 'Otcom');
insert into sub_category (id, name) values (64, 'Duobam');
insert into sub_category (id, name) values (65, 'Zoolab');
insert into sub_category (id, name) values (66, 'Bamity');
insert into sub_category (id, name) values (67, 'Cardify');
insert into sub_category (id, name) values (68, 'Bitwolf');
insert into sub_category (id, name) values (69, 'Otcom');
insert into sub_category (id, name) values (70, 'Transcof');
insert into sub_category (id, name) values (71, 'Viva');
insert into sub_category (id, name) values (72, 'Stim');
insert into sub_category (id, name) values (73, 'Zoolab');
insert into sub_category (id, name) values (74, 'Bamity');
insert into sub_category (id, name) values (75, 'Keylex');
insert into sub_category (id, name) values (76, 'Zaam-Dox');
insert into sub_category (id, name) values (77, 'Home Ing');
insert into sub_category (id, name) values (78, 'Hatity');
insert into sub_category (id, name) values (79, 'Lotlux');
insert into sub_category (id, name) values (80, 'Cardguard');
insert into sub_category (id, name) values (81, 'Transcof');
insert into sub_category (id, name) values (82, 'Ronstring');
insert into sub_category (id, name) values (83, 'Stringtough');
insert into sub_category (id, name) values (84, 'Y-find');
insert into sub_category (id, name) values (85, 'Gembucket');
insert into sub_category (id, name) values (86, 'Daltfresh');
insert into sub_category (id, name) values (87, 'Flowdesk');
insert into sub_category (id, name) values (88, 'Prodder');
insert into sub_category (id, name) values (89, 'Solarbreeze');
insert into sub_category (id, name) values (90, 'Sub-Ex');
insert into sub_category (id, name) values (91, 'Bamity');
insert into sub_category (id, name) values (92, 'Vagram');
insert into sub_category (id, name) values (93, 'Lotlux');
insert into sub_category (id, name) values (94, 'Domainer');
insert into sub_category (id, name) values (95, 'Regrant');
insert into sub_category (id, name) values (96, 'Hatity');
insert into sub_category (id, name) values (97, 'Tresom');
insert into sub_category (id, name) values (98, 'Temp');
insert into sub_category (id, name) values (99, 'Pannier');
insert into sub_category (id, name) values (100, 'Gembucket');

insert into user (id, email, username, password, lastname, firstname, description, ranking, id_main_category, id_sub_category) values (1, 'imcilreavy0@php.net', 'imcilreavy0', 'pdo5T2', 'McIlreavy', 'Irwinn', 'Proin eu mi.', 5, 6, 10);
insert into user (id, email, username, password, lastname, firstname, description, ranking, id_main_category, id_sub_category) values (2, 'csteggles1@tuttocitta.it', 'csteggles1', 'OjoPZW71h3r', 'Steggles', 'Corrina', 'In hac habitasse platea dictumst.', 1, 9, 30);
insert into user (id, email, username, password, lastname, firstname, description, ranking, id_main_category, id_sub_category) values (3, 'wdunseith2@booking.com', 'wdunseith2', 'bl9VwL', 'Dunseith', 'Waldo', 'Sed sagittis.', 4, 4, 82);
insert into user (id, email, username, password, lastname, firstname, description, ranking, id_main_category, id_sub_category) values (4, 'jleaming3@nps.gov', 'jleaming3', 'fYc78wItsNNI', 'Leaming', 'Jerrilee', 'Vestibulum ac est lacinia nisi venenatis tristique.', 4, 4, 92);
insert into user (id, email, username, password, lastname, firstname, description, ranking, id_main_category, id_sub_category) values (5, 'gmitchelmore4@umn.edu', 'gmitchelmore4', 'aMXSGhR', 'Mitchelmore', 'Garek', 'Donec ut mauris eget massa tempor convallis.', 1, 8, 76);
insert into user (id, email, username, password, lastname, firstname, description, ranking, id_main_category, id_sub_category) values (6, 'igoldbourn5@flickr.com', 'igoldbourn5', 'TnkR5IGyus8', 'Goldbourn', 'Inna', 'Curabitur at ipsum ac tellus semper interdum.', 4, 7, 64);
insert into user (id, email, username, password, lastname, firstname, description, ranking, id_main_category, id_sub_category) values (7, 'tmcmoyer6@gov.uk', 'tmcmoyer6', '1Rsk0vusxCw', 'McMoyer', 'Temple', 'Curabitur convallis.', 5, 2, 98);
insert into user (id, email, username, password, lastname, firstname, description, ranking, id_main_category, id_sub_category) values (8, 'asantoro7@vk.com', 'asantoro7', 'gNeFQ2s4Kl', 'Santoro', 'Alphard', 'Nullam varius.', 2, 9, 56);
insert into user (id, email, username, password, lastname, firstname, description, ranking, id_main_category, id_sub_category) values (9, 'lskaif8@reuters.com', 'lskaif8', 'MG38QyxR', 'Skaif', 'Lind', 'Praesent id massa id nisl venenatis lacinia.', 3, 1, 68);
insert into user (id, email, username, password, lastname, firstname, description, ranking, id_main_category, id_sub_category) values (10, 'grisebarer9@issuu.com', 'grisebarer9', 'jv07i3n71t', 'Risebarer', 'Garland', 'Nullam molestie nibh in lectus.', 1, 7, 9);
insert into user (id, email, username, password, lastname, firstname, description, ranking, id_main_category, id_sub_category) values (11, 'ahofera@ustream.tv', 'ahofera', 'HDBhtYymM9', 'Hofer', 'Ancell', 'Nulla nisl.', 4, 8, 18);
insert into user (id, email, username, password, lastname, firstname, description, ranking, id_main_category, id_sub_category) values (12, 'lbeggiob@yahoo.com', 'lbeggiob', 'SqzRX4', 'Beggio', 'Leland', 'Cras pellentesque volutpat dui.', 4, 1, 3);
insert into user (id, email, username, password, lastname, firstname, description, ranking, id_main_category, id_sub_category) values (13, 'msinfieldc@dot.gov', 'msinfieldc', 'OtCBH5', 'Sinfield', 'Maribelle', 'Nunc purus.', 5, 3, 91);
insert into user (id, email, username, password, lastname, firstname, description, ranking, id_main_category, id_sub_category) values (14, 'rcopseyd@scribd.com', 'rcopseyd', 'YPEnZeDzBx', 'Copsey', 'Robinet', 'Pellentesque viverra pede ac diam.', 2, 8, 78);
insert into user (id, email, username, password, lastname, firstname, description, ranking, id_main_category, id_sub_category) values (15, 'jheartye@mail.ru', 'jheartye', 'Bg5NXJl', 'Hearty', 'Jordanna', 'Integer a nibh.', 1, 8, 95);
insert into user (id, email, username, password, lastname, firstname, description, ranking, id_main_category, id_sub_category) values (16, 'theakf@wsj.com', 'theakf', '5l3CKF7aK8M', 'Heak', 'Tamar', 'Donec vitae nisi.', 4, 6, 98);
insert into user (id, email, username, password, lastname, firstname, description, ranking, id_main_category, id_sub_category) values (17, 'cpendlingtong@desdev.cn', 'cpendlingtong', 'p09Ta0g7ZLRH', 'Pendlington', 'Candi', 'Nullam sit amet turpis elementum ligula vehicula consequat.', 4, 3, 56);
insert into user (id, email, username, password, lastname, firstname, description, ranking, id_main_category, id_sub_category) values (18, 'nlardierh@techcrunch.com', 'nlardierh', '7sCmKZ1DGsI', 'Lardier', 'Norah', 'Nulla ac enim.', 2, 1, 64);
insert into user (id, email, username, password, lastname, firstname, description, ranking, id_main_category, id_sub_category) values (19, 'lbridglandi@a8.net', 'lbridglandi', 'WGZgNKu5N', 'Bridgland', 'Layla', 'Nulla ut erat id mauris vulputate elementum.', 1, 5, 55);
insert into user (id, email, username, password, lastname, firstname, description, ranking, id_main_category, id_sub_category) values (20, 'rdoolej@scientificamerican.com', 'rdoolej', '19bNQeEP', 'Doole', 'Raynard', 'Curabitur convallis.', 1, 5, 15);